﻿Shot Number,Start Frame,Start Timecode,Start Time (seconds),End Frame,End Timecode,End Time (seconds),Length (frames),Length (timecode),Length (seconds),scale_manual
1,1,00:00.0,0.0,118,00:03.9,3.933,118,00:03.9,3.933,Close Shot
2,120,00:04.0,3.967,243,00:08.1,8.1,124,00:04.1,4.133,Close Shot
3,245,00:08.1,8.133,390,00:13.0,13.0,146,00:04.9,4.867,Close Shot
4,392,00:13.0,13.033,497,00:16.6,16.567,106,00:03.5,3.533,Close Shot
5,499,00:16.6,16.6,1118,00:37.3,37.267,620,00:20.7,20.667,Close Shot
