﻿Shot Number,Start Frame,Start Timecode,Start Time (seconds),End Frame,End Timecode,End Time (seconds),Length (frames),Length (timecode),Length (seconds),scale_manual
1,1,00:00.0,0.0,104,00:03.5,3.467,104,00:03.5,3.467,Close Shot
2,106,00:03.5,3.5,296,00:09.9,9.867,191,00:06.4,6.367,Medium Shot
3,298,00:09.9,9.9,399,00:13.3,13.3,102,00:03.4,3.4,Close Shot
4,401,00:13.3,13.333,576,00:19.2,19.2,176,00:05.9,5.867,Close Shot
5,578,00:19.2,19.233,612,00:20.4,20.4,35,00:01.2,1.167,Extreme Close Shot
6,614,00:20.4,20.433,1193,00:39.8,39.767,580,00:19.3,19.333,Extreme Close Shot
