﻿Shot Number,Start Frame,Start Timecode,Start Time (seconds),End Frame,End Timecode,End Time (seconds),Length (frames),Length (timecode),Length (seconds),scale_manual
1,1,00:00.0,0.0,115,00:03.8,3.833,115,00:03.8,3.833,Close Shot
2,117,00:03.9,3.867,242,00:08.1,8.067,126,00:04.2,4.2,Extreme Close Shot
3,244,00:08.1,8.1,363,00:12.1,12.1,120,00:04.0,4.0,Close Shot
4,365,00:12.1,12.133,481,00:16.0,16.033,117,00:03.9,3.9,Close Shot
5,483,00:16.1,16.067,713,00:23.8,23.767,231,00:07.7,7.7,Close Shot
6,715,00:23.8,23.8,1099,00:36.6,36.633,385,00:12.8,12.833,Close Shot
