﻿Shot Number,Start Frame,Start Timecode,Start Time (seconds),End Frame,End Timecode,End Time (seconds),Length (frames),Length (timecode),Length (seconds),scale_manual
1,1,00:00.0,0.0,121,00:04.0,4.033,121,00:04.0,4.033,Close Shot
2,123,00:04.1,4.067,446,00:14.9,14.867,324,00:10.8,10.8,Close Shot
3,448,00:14.9,14.9,622,00:20.7,20.733,175,00:05.8,5.833,Close Shot
4,624,00:20.8,20.767,850,00:28.3,28.333,227,00:07.6,7.567,Extreme Close Shot
5,852,00:28.4,28.367,1061,00:35.4,35.367,210,00:07.0,7.0,Extreme Close Shot
6,1063,00:35.4,35.4,1118,00:37.3,37.267,56,00:01.9,1.867,Extreme Close Shot
